{"cameraMode":{"drawMode":0,"name":"Shaded","section":"Shading Mode"},"sceneLighting":false,"audioPlay":false,"sceneViewState":{"m_AlwaysRefresh":false,"showFog":false,"showSkybox":false,"showFlares":false,"showImageEffects":false,"showParticleSystems":false,"showVisualEffectGraphs":true,"m_FxEnabled":true},"in2DMode":false,"pivot":{"x":0.019732922315597535,"y":0.9007391929626465,"z":-0.008437827229499817},"rotation":{"x":0.24055084586143495,"y":0.055640172213315967,"z":-0.013687784783542157,"w":0.9690492749214172},"size":1.2331769466400147,"orthographic":true}