{"cameraMode":{"drawMode":0,"name":"Shaded","section":"Shading Mode"},"sceneLighting":false,"audioPlay":false,"sceneViewState":{"m_AlwaysRefresh":false,"showFog":false,"showSkybox":false,"showFlares":false,"showImageEffects":false,"showParticleSystems":false,"showVisualEffectGraphs":true,"m_FxEnabled":true},"in2DMode":false,"pivot":{"x":0.08265000581741333,"y":0.956332802772522,"z":0.0352780818939209},"rotation":{"x":0.16590945422649384,"y":0.04174879565834999,"z":-0.0069073582999408249,"w":0.985336184501648},"size":1.5049341917037964,"orthographic":true}